cell,11304699
patient,10060871
study,9940681
use,9463332
%,9051780
result,6227169
show,5609750
effect,5583052
increase,5506327
protein,4763050
high,4610931
treatment,4327654
level,4285467
group,4277588
activity,4101414
may,4039455
also,3982607
two,3795313
2,3776504
disease,3665623
gene,3623534
present,3427814
suggest,3363717
control,3353823
find,3195062
1,3131948
analysis,3068848
factor,3045386
expression,3043827
case,3010840
response,3005405
compare,2984245
change,2954975
system,2897620
human,2896438
data,2883917
model,2883153
method,2870152
one,2866865
low,2834394
however,2755167
report,2750615
different,2748260
:,2738316
p,2716402
clinical,2625186
=,2596373
time,2594746
include,2591096
rate,2586475
test,2531751
concentration,2524333
associate,2447823
acid,2410467
3,2406513
cancer,2381997
role,2366115
significantly,2365437
significant,2335923
determine,2331911
function,2326900
rat,2302369
type,2242007
well,2220003
indicate,2197048
investigate,2191055
provide,2164322
receptor,2154763
mouse,2153845
demonstrate,2141213
year,2090866
observe,2090539
decrease,2077115
's,2041515
identify,2030053
cause,2019536
tissue,2019131
tumor,2017329
10,1973738
mechanism,1969232
age,1959059
measure,1950876
risk,1944579
three,1928672
day,1917833
development,1898302
new,1891605
develop,1888525
blood,1876083
evaluate,1840148
process,1829208
potential,1811900
condition,1806949
number,1804240
reduce,1785987
first,1776033
drug,1774637
difference,1773981
base,1766540
sample,1764210
important,1754815
follow,1751055
growth,1718129
examine,1706471
therapy,1700374
form,1692909
could,1690838
structure,1689110
describe,1640436
dna,1636699
health,1635275
infection,1632548
within,1625227
normal,1623781
4,1605629
complex,1603904
value,1603165
induce,1600323
involve,1570952
+/-,1569140
region,1547546
5,1545266
less,1525652
among,1513796
obtain,1510315
child,1509843
mean,1503028
perform,1495165
population,1493868
lead,1489296
site,1486364
finding,1479837
reveal,1478867
sequence,1468511
specific,1466027
respectively,1461479
large,1458403
occur,1442470
presence,1416430
c,1410326
range,1407474
total,1397939
technique,1383639
approach,1369694
produce,1367626
similar,1363391
early,1357959
assess,1352638
specie,1347742
review,1343024
serum,1340405
due,1338032
surface,1336989
interaction,1336491
although,1333628
require,1332410
membrane,1321284
addition,1316640
subject,1314401
contain,1314293
affect,1298359
aim,1296371
several,1285077
treat,1278897
evidence,1278052
area,1276714
detect,1270016
small,1268707
animal,1260480
without,1254844
enzyme,1245544
plasma,1238570
strain,1237347
great,1233074
target,1230725
activation,1222430
brain,1220818
h,1213017
individual,1211118
pattern,1211023
remain,1210563
signal,1208910
antibody,1207805
molecular,1202242
n,1197204
reaction,1195847
care,1181979
'',1178511
woman,1166262
6,1165210
state,1164082
pathway,1153999
``,1152680
thus,1151911
diagnosis,1147045
whether,1144926
period,1143675
major,1139156
give,1130718
many,1123901
improve,1121754
muscle,1121657
make,1118307
liver,1118285
primary,1116821
support,1104041
culture,1096882
various,1090619
formation,1089900
research,1089180
influence,1087893
vitro,1087774
express,1073959
either,1073521
degree,1073354
inhibit,1073023
b,1072128
common,1068342
need,1066189
bone,1063697
disorder,1063478
phase,1061205
inhibitor,1060274
assay,1054889
adult,1053244
discuss,1053130
production,1050776
month,1037639
relate,1035429
property,1032383
compound,1030416
current,1030112
experiment,1027082
virus,1026926
know,1024474
body,1021708
chronic,1014015
four,1013612
outcome,1012365
relationship,1011784
functional,1008980
exposure,1001145
single,999508
acute,995641
ii,992311
mutation,989493
pressure,983768
information,983550
release,983030
possible,976968
whereas,972190
line,970597
appear,969384
positive,963630
component,962244
association,959817
male,958901
lesion,957692
effective,957072
consider,956156
water,945861
family,944649
good,937360
work,934657
binding,933517
characterize,928870
stress,923625
play,920067
bind,919325
week,916073
characteristic,915754
size,910424
reduction,908536
agent,907388
procedure,907230
inhibition,905733
novel,894296
weight,892082
vivo,888451
genetic,887343
analyze,885138
dose,884103
design,882820
therefore,882151
ratio,879346
stage,879320
20,877832
+,875133
loss,873401
multiple,871055
symptom,869488
contrast,867824
survival,865853
frequency,865112
order,864838
injury,863534
syndrome,858038
application,857899
previously,857424
propose,856222
recent,855558
measurement,854438
lung,852215
surgery,852150
heart,849697
molecule,846986
parameter,841580
per,830869
active,828783
feature,827366
resistance,823634
female,822344
allow,820086
distribution,816238
temperature,807828
peptide,805903
mrna,805692
mass,798710
take,797094
product,793786
ability,793108
highly,790228
establish,788812
receive,788083
neuron,786992
50,784464
content,784253
combination,783705
problem,782587
experimental,781291
flow,777134
exhibit,774990
part,772910
image,769279
administration,768465
action,768349
strategy,766383
enhance,764949
30,764729
correlate,761724
therapeutic,755411
field,755271
behavior,753524
renal,752595
12,751929
domain,751481
performance,748591
correlation,747267
quality,746906
medical,745833
synthesis,745712
detection,744847
confirm,743344
direct,742192
plant,741970
estimate,741528
management,738108
isolate,737088
far,732415
trial,731102
mutant,729843
cellular,729268
mm,721623
pain,719893
7,718616
solution,717264
death,717195
relative,715293
apply,715209
standard,710944
paper,709697
8,707136
second,703675
via,699997
available,697192
energy,695873
kinase,693562
medium,691270
severe,690383
marker,689290
represent,688131
carcinoma,680658
ph,680652
artery,679000
often,678515
stimulation,677990
complication,677232
x,676952
complete,674147
15,673141
experience,671448
impact,668925
surgical,668664
sensitivity,666819
life,662077
rna,660781
immune,659823
regulate,656001
antigen,655425
amount,654975
negative,654555
approximately,654413
0.05,654091
material,651997
since,651938
previous,651210
achieve,650989
event,650194
general,649824
focus,649683
mortality,648483
100,646842
five,646162
limit,645825
even,644007
contribute,639775
regulation,637141
cardiac,633217
hospital,629112
see,628798
long,627818
predict,627146
glucose,625825
amino,625597
become,623296
furthermore,619631
central,619579
skin,619503
term,618740
breast,615381
incidence,613317
might,612204
injection,611606
prevent,610482
point,610342
chain,609860
source,608722
min,607830
variation,606924
density,606066
index,605853
volume,605037
dynamic,604813
evaluation,604607
damage,604482
generate,603544
overall,603510
light,603290
comparison,602624
intervention,601391
recently,600434
program,599381
practice,599168
conclude,597809
--,596467
lipid,590034
efficacy,589943
biological,588708
article,587675
healthy,587504
failure,586178
assessment,585994
old,584918
initial,584134
mediate,583416
extract,581801
carry,581236
regard,579672
substrate,579620
purpose,578044
set,575623
average,574527
cycle,570406
would,569770
vascular,567791
mg,567272
alpha,566559
nerve,566049
lack,565208
score,563473
profile,562736
insulin,560548
24,560403
challenge,560051
useful,559462
define,558016
g,557308
block,556613
conduct,555647
chemical,553633
oral,552418
local,550871
activate,550640
-1,548209
examination,548035
channel,547601
proliferation,544614
essential,544239
strong,543688
least,541233
variable,541020
pulmonary,540411
status,540213
likely,540162
yield,540000
structural,539893
free,538469
literature,537972
basis,536636
increased,536369
physical,533956
class,533874
differentiation,531808
six,530485
transfer,528277
critical,528078
diet,527610
transcription,527515
young,527261
key,526040
position,524917
long-term,524326
knowledge,522992
fraction,522973
record,520887
combine,519032
prevalence,518079
investigation,515873
food,513103
rapid,510635
network,509293
ion,508845
electron,508197
r,506644
derive,504838
diagnostic,504331
diabetes,504140
still,503815
transport,503557
14,503355
residue,501154
apoptosis,501073
upon,500018
length,499944
select,499266
metabolism,498691
especially,498348
main,497814
peripheral,497114
environment,496815
imaging,495863
additional,493467
and/or,493381
inflammatory,493331
ca,493198
unit,492420
despite,491724
nuclear,490580
absence,489976
kidney,489208
stimulate,488396
right,486910
host,486587
rare,485029
tool,485028
social,484851
coronary,483469
depend,483057
explore,482062
consistent,482018
together,481377
induction,481213
hormone,479918
nm,477337
metabolic,475903
observation,475549
maintain,474926
oxygen,474834
calcium,472741
peak,471982
particular,470857
capacity,470448
95,470143
hypothesis,470083
author,468267
25,468030
16,467535
secondary,466951
element,466583
improvement,466030
course,464674
short,464466
little,463950
natural,462591
exist,460461
conclusion,460241
fluid,459995
importance,458624
link,458437
9,458118
objective,458002
40,457796
secretion,457745
series,457388
nucleus,456607
moreover,455766
uptake,455680
particle,452947
11,451083
accord,450489
particularly,449480
end,449362
intracellular,449298
beta,449205
much,448845
spectrum,448757
act,448545
collect,448174
bacterial,448121
vary,447073
grow,446821
promote,445264
scale,443388
history,443017
future,442901
understand,442886
across,442422
distinct,441944
sensitive,441629
simple,439453
18,439442
mg/kg,439412
alone,438141
account,437983
step,437076
iii,435463
encode,435442
independent,435396
recovery,433458
community,433381
pregnancy,432961
exercise,432640
side,431475
stimulus,430453
dos,430416
layer,430304
men,429613
chromosome,429357
60,429167
stem,428875
follow-up,428793
duration,428509
laboratory,427481
benefit,427167
alter,426138
task,424708
matrix,424127
understanding,423835
hour,423440
concern,423393
defect,422521
infant,421373
relatively,417972
phenotype,417702
explain,416856
consist,416310
interval,414958
organ,413407
differ,412681
microm,412218
variety,411194
force,411010
service,409706
alternative,409359
13,409162
identification,408527
constant,408390
environmental,407284
visual,406997
genome,406730
preparation,406204
left,406036
k,405962
prior,405756
stable,405113
maximum,404821
efficiency,404644
seem,402748
directly,401656
subsequent,401444
ligand,400796
bacteria,399598
viral,399449
late,399398
display,399378
promoter,398838
accumulation,398645
magnetic,398439
endothelial,397322
c.,397237
alteration,397120
able,396520
quantitative,395716
coli,395554
respiratory,394983
help,393857
physiological,393373
expose,392817
toxicity,392510
systemic,392310
issue,391779
cytokine,391726
extent,391723
conventional,390939
place,390786
cost,390599
tumour,390419
member,389937
dependent,389877
poor,389770
diagnose,389456
undergo,389307
way,389079
delivery,388645
fiber,388096
selective,387607
mainly,387474
subunit,386844
necessary,386772
microscopy,386461
0.001,386080
ventricular,384283
fragment,384096
along,383036
administer,382665
u,382371
device,382332
inhibitory,381851
affinity,381727
v,381236
progression,380952
responsible,380174
participant,379841
2+,379112
daily,379043
phosphorylation,376054
cardiovascular,376043
stability,375710
variant,374631
motor,373488
sodium,373423
criterion,372606
inflammation,372031
memory,372007
cerebral,371809
cortex,371607
composition,371412
0.01,371367
clone,370277
specificity,369025
unknown,368743
movement,368409
transition,367620
frequently,365166
feed,364950
rather,364053
mitochondrial,364021
repair,363915
epithelial,363219
macrophage,363005
yet,362934
generation,361876
open,361859
e,361372
vaccine,361013
ci,360448
cognitive,358814
must,358706
metal,358693
relation,358329
wall,358133
cluster,357936
sex,357584
metastasis,357534
hypertension,357525
onset,356036
recognize,355801
extracellular,355556
probe,355149
screen,354931
selection,354701
graft,354502
antagonist,354183
unique,353601
appropriate,353028
center,352963
aspect,352219
reflect,352213
lymphocyte,352194
intensity,351742
calculate,351663
strongly,351168
employ,350927
hand,350526
address,350502
radiation,350182
intake,349636
contact,349356
people,349250
shift,348926
abnormality,348064
depression,347704
versus,347194
platelet,346971
country,346836
offer,346463
fluorescence,346392
chemotherapy,346125
training,346025
safety,345374
ca2+,344586
gastric,344417
repeat,343615
hepatic,343132
dysfunction,342705
arterial,342443
locate,342232
modify,341906
degradation,341881
survey,340980
best,340547
transplantation,340363
operation,340075
theory,339789
myocardial,339231
separate,339150
monitor,339111
fatty,338894
linear,338477
reach,337719
regulatory,337180
modification,337034
last,336976
biopsy,336740
involvement,335805
finally,335666
donor,335657
resonance,335456
manner,335130
neuronal,333433
technology,333326
fracture,332840
oxidative,332163
nature,331969
s.,331840
ct,331835
prevention,331732
Â±,331535
scan,331531
construct,329684
isolates,329058
malignant,328978
prepare,328817
transmission,328514
gel,327898
mode,327605
origin,326467
determination,326421
cholesterol,325506
0,325246
eye,324943
seven,324511
map,324157
certain,324152
derivative,323874
specimen,323853
specifically,322918
metabolite,322666
internal,322565
rise,322335
soil,322192
currently,322095
bond,321704
interest,321165
alcohol,320615
spinal,320243
question,319954
antibiotic,319772
whole,319326
removal,319263
efficient,318902
facilitate,318695
suppress,318563
recombinant,318445
17,318124
relevant,317957
synthesize,317935
basal,317740
neural,317369
simulation,316979
segment,316756
close,315755
attention,315674
carbon,315580
protocol,315479
processing,315124
liquid,315039
prove,314976
hiv,314932
postoperative,313251
example,313228
root,313031
wide,312307
dog,312036
eight,312008
student,311818
location,311508
accuracy,311368
commonly,311046
polymorphism,311001
reverse,310884
partial,310869
strength,310772
view,310326
gain,309693
cm,309007
deficiency,308498
pathogenesis,308251
consequence,307842
diabetic,307148
spatial,307146
anterior,306837
usually,306506
elevate,305951
widely,305872
differential,305711
fast,305580
rabbit,305287
vs.,305178
urinary,304635
delay,304621
generally,304552
potent,304437
medicine,303877
introduce,303814
another,303536
adverse,303359
proportion,302807
leave,302457
infusion,300699
pair,300310
optimal,300025
21,299982
start,299520
regression,299444
modulate,299047
add,298852
mechanical,298759
space,298568
reference,298478
locus,298441
tract,297896
context,297767
fetal,297332
percentage,297246
reduced,297161
curve,296557
couple,295909
sign,295680
implication,295641
median,295491
clear,295366
head,295268
difficult,295097
possibility,295028
limited,294969
pcr,294948
organism,294935
rapidly,294904
vessel,294901
absorption,294873
nucleotide,294563
serve,293908
joint,293164
substance,292856
e.,291285
correspond,291264
setting,290321
public,290199
slow,289856
contribution,289492
90,289248
enable,289066
baseline,289008
vitamin,288992
advantage,288879
respond,288648
intestinal,288587
severity,288499
x-ray,288385
